{
  "version": "1.0.0",
  "supported_cities": [
    "Mumbai",
    "Pune"
  ],
  "cities": {
    "Mumbai": {
      "city_aliases": [
        "mumbai",
        "bombay",
        "mum",
        "bambai"
      ],
      "localities": [
        {
          "canonical": "Andheri West",
          "micro_market": "Western Suburbs",
          "aliases": [
            "andheri west",
            "andheri w",
            "andheri (w)",
            "andheriw",
            "andheri wes",
            "andheri side"
          ]
        },
        {
          "canonical": "Andheri East",
          "micro_market": "Western Suburbs",
          "aliases": [
            "andheri east",
            "andheri e",
            "andheri (e)",
            "andheri e side",
            "andheriest"
          ]
        },
        {
          "canonical": "Goregaon West",
          "micro_market": "Western Suburbs",
          "aliases": [
            "goregaon west",
            "goregaon w",
            "goregaon (w)",
            "goregaon",
            "goregoan west",
            "goregao west"
          ]
        },
        {
          "canonical": "Goregaon East",
          "micro_market": "Western Suburbs",
          "aliases": [
            "goregaon east",
            "goregaon e",
            "goregaon (e)",
            "goregoan east",
            "goregao east"
          ]
        },
        {
          "canonical": "Powai",
          "micro_market": "Central Suburbs",
          "aliases": [
            "powai",
            "pawai",
            "hiranandani powai",
            "powai side"
          ]
        },
        {
          "canonical": "Thane West",
          "micro_market": "Thane Belt",
          "aliases": [
            "thane west",
            "thane w",
            "thane",
            "t-town",
            "thana west"
          ]
        },
        {
          "canonical": "Thane East",
          "micro_market": "Thane Belt",
          "aliases": [
            "thane east",
            "thane e",
            "thana east"
          ]
        },
        {
          "canonical": "Vashi",
          "micro_market": "Navi Mumbai",
          "aliases": [
            "vashi",
            "navi mumbai vashi",
            "navi vashi"
          ]
        },
        {
          "canonical": "Kharghar",
          "micro_market": "Navi Mumbai",
          "aliases": [
            "kharghar",
            "khar gar",
            "navi mumbai kharghar"
          ]
        },
        {
          "canonical": "CBD Belapur",
          "micro_market": "Navi Mumbai",
          "aliases": [
            "belapur",
            "cbd belapur",
            "cbd",
            "navi mumbai belapur"
          ]
        },
        {
          "canonical": "Borivali West",
          "micro_market": "Western Suburbs",
          "aliases": [
            "borivali west",
            "borivali",
            "bori",
            "borivali w"
          ]
        },
        {
          "canonical": "Malad West",
          "micro_market": "Western Suburbs",
          "aliases": [
            "malad west",
            "malad",
            "malad w"
          ]
        },
        {
          "canonical": "Kandivali West",
          "micro_market": "Western Suburbs",
          "aliases": [
            "kandivali west",
            "kandivali",
            "kandivli",
            "kandivali w"
          ]
        },
        {
          "canonical": "Dahisar",
          "micro_market": "Western Suburbs",
          "aliases": [
            "dahisar",
            "dahiser",
            "dahisar east",
            "dahisar west"
          ]
        },
        {
          "canonical": "Mira Road",
          "micro_market": "Mira-Bhayandar",
          "aliases": [
            "mira road",
            "mira",
            "miraroad",
            "mira rd"
          ]
        },
        {
          "canonical": "Bhayandar",
          "micro_market": "Mira-Bhayandar",
          "aliases": [
            "bhayandar",
            "bhayander",
            "bhayander west",
            "bhayandar west"
          ]
        },
        {
          "canonical": "Worli",
          "micro_market": "South Mumbai",
          "aliases": [
            "worli",
            "worldi",
            "worli sea face"
          ]
        },
        {
          "canonical": "Cuffe Parade",
          "micro_market": "South Mumbai",
          "aliases": [
            "cuffe parade",
            "cuff parade",
            "cufe parade"
          ]
        },
        {
          "canonical": "Bandra West",
          "micro_market": "Western Suburbs",
          "aliases": [
            "bandra west",
            "bandra w",
            "bandra",
            "bandra west side",
            "bandra station west",
            "bandra stn west"
          ]
        },
        {
          "canonical": "Bandra East",
          "micro_market": "Western Suburbs",
          "aliases": [
            "bandra east",
            "bandra e",
            "bkc",
            "bandra kurla complex"
          ]
        },
        {
          "canonical": "Khar West",
          "micro_market": "Western Suburbs",
          "aliases": [
            "khar",
            "khar west",
            "khar w",
            "14 rd khar",
            "14th rd khar",
            "15th road khar",
            "17th road khar",
            "khar station"
          ]
        },
        {
          "canonical": "Khar East",
          "micro_market": "Western Suburbs",
          "aliases": [
            "khar east",
            "khar e"
          ]
        },
        {
          "canonical": "Santacruz West",
          "micro_market": "Western Suburbs",
          "aliases": [
            "santacruz west",
            "santa cruz west",
            "santacruz",
            "scruz",
            "scrz",
            "sacruz",
            "scruz west",
            "scrz west"
          ]
        },
        {
          "canonical": "Santacruz East",
          "micro_market": "Western Suburbs",
          "aliases": [
            "santacruz east",
            "santa cruz east",
            "scruz east",
            "scrz east",
            "sacruz east"
          ]
        },
        {
          "canonical": "Juhu",
          "micro_market": "Western Suburbs",
          "aliases": [
            "juhu",
            "juhu tara",
            "gulmohar road juhu",
            "ns road juhu",
            "jvpd",
            "juhu side"
          ]
        },
        {
          "canonical": "Turner Road",
          "micro_market": "Bandra West",
          "aliases": [
            "turner road",
            "off turner road",
            "off turners",
            "turners",
            "turner rd"
          ]
        },
        {
          "canonical": "Carter Road",
          "micro_market": "Bandra West",
          "aliases": [
            "carter road",
            "off carter road",
            "carter rd"
          ]
        },
        {
          "canonical": "Linking Road",
          "micro_market": "Bandra-Khar Belt",
          "aliases": [
            "linking road",
            "link road bandra",
            "link road khar"
          ]
        },
        {
          "canonical": "Almeida Park",
          "micro_market": "Bandra West",
          "aliases": [
            "almeida park",
            "almeda park",
            "almeida"
          ]
        },
        {
          "canonical": "Ghatkopar East",
          "micro_market": "Central Suburbs",
          "aliases": [
            "ghatkopar east",
            "ghatkopar",
            "ghatkopar e"
          ]
        },
        {
          "canonical": "Chembur",
          "micro_market": "Central Suburbs",
          "aliases": [
            "chembur",
            "chembur east",
            "chembur west"
          ]
        },
        {
          "canonical": "Kurla",
          "micro_market": "Central Suburbs",
          "aliases": [
            "kurla",
            "kurla east",
            "kurla west"
          ]
        }
      ]
    },
    "Pune": {
      "city_aliases": [
        "pune",
        "poona",
        "p-town"
      ],
      "localities": [
        {
          "canonical": "Hinjewadi Phase 1",
          "micro_market": "West IT Corridor",
          "aliases": [
            "hinjewadi phase 1",
            "hinjewadi p1",
            "phase 1 hinjewadi",
            "hinj phase 1"
          ]
        },
        {
          "canonical": "Hinjewadi Phase 2",
          "micro_market": "West IT Corridor",
          "aliases": [
            "hinjewadi phase 2",
            "hinjewadi p2",
            "phase 2 hinjewadi",
            "hinj phase 2"
          ]
        },
        {
          "canonical": "Hinjewadi Phase 3",
          "micro_market": "West IT Corridor",
          "aliases": [
            "hinjewadi phase 3",
            "hinjewadi p3",
            "phase 3 hinjewadi",
            "hinj phase 3"
          ]
        },
        {
          "canonical": "Wakad",
          "micro_market": "West IT Corridor",
          "aliases": [
            "wakad",
            "wakar",
            "wakad bridge",
            "wakad pune"
          ]
        },
        {
          "canonical": "Baner",
          "micro_market": "West Pune",
          "aliases": [
            "baner",
            "baner road",
            "baner side"
          ]
        },
        {
          "canonical": "Balewadi",
          "micro_market": "West Pune",
          "aliases": [
            "balewadi",
            "balewadi high street",
            "bhs"
          ]
        },
        {
          "canonical": "Aundh",
          "micro_market": "West Pune",
          "aliases": [
            "aundh",
            "audh",
            "aundh road"
          ]
        },
        {
          "canonical": "Pimpri-Chinchwad",
          "micro_market": "PCMC",
          "aliases": [
            "pcmc",
            "pimpri chinchwad",
            "pimpri-chinchwad",
            "pimpri",
            "chinchwad"
          ]
        },
        {
          "canonical": "Kharadi",
          "micro_market": "East IT Corridor",
          "aliases": [
            "kharadi",
            "kharadi bypass",
            "eon kharadi"
          ]
        },
        {
          "canonical": "Viman Nagar",
          "micro_market": "East Pune",
          "aliases": [
            "viman nagar",
            "vimannagar",
            "vimanngr"
          ]
        },
        {
          "canonical": "Hadapsar",
          "micro_market": "East Pune",
          "aliases": [
            "hadapsar",
            "hadpsar",
            "hadapsar side"
          ]
        },
        {
          "canonical": "Wagholi",
          "micro_market": "East Pune",
          "aliases": [
            "wagholi",
            "waghuli",
            "wagholi side"
          ]
        },
        {
          "canonical": "Magarpatta",
          "micro_market": "East Pune",
          "aliases": [
            "magarpatta",
            "magarpatta city",
            "magarpatta hadapsar"
          ]
        },
        {
          "canonical": "Kondhwa",
          "micro_market": "South Pune",
          "aliases": [
            "kondhwa",
            "kondhva",
            "kondhwa khurd"
          ]
        },
        {
          "canonical": "NIBM Road",
          "micro_market": "South Pune",
          "aliases": [
            "nibm",
            "nibm road",
            "nibm area"
          ]
        },
        {
          "canonical": "Tathawade",
          "micro_market": "West IT Corridor",
          "aliases": [
            "tathawade",
            "tathwade",
            "tathawade wakad"
          ]
        },
        {
          "canonical": "Ravet",
          "micro_market": "PCMC",
          "aliases": [
            "ravet",
            "rawet",
            "ravet pcmc"
          ]
        },
        {
          "canonical": "Pimple Saudagar",
          "micro_market": "PCMC",
          "aliases": [
            "pimple saudagar",
            "pimplesaudagar",
            "saudagar"
          ]
        },
        {
          "canonical": "Bavdhan",
          "micro_market": "West Pune",
          "aliases": [
            "bavdhan",
            "bawdhan",
            "bavdhan budruk"
          ]
        },
        {
          "canonical": "Kothrud",
          "micro_market": "Central Pune",
          "aliases": [
            "kothrud",
            "kothrud depot",
            "kothrud side"
          ]
        }
      ]
    }
  }
}
